model,split,roi,seed,lux,best_val_pearson,epoch
efficientphys,A,multi,42,overall,-0.0064,1
efficientphys,A,multi,42,1.0,0.0226,1
efficientphys,A,multi,42,1.6,-0.0144,1
efficientphys,A,multi,42,2.5,-0.0136,1
efficientphys,A,multi,42,4.0,-0.0189,1
efficientphys,B,multi,42,overall,0.0417,9
efficientphys,B,multi,42,1.0,0.1154,9
efficientphys,B,multi,42,1.6,0.0391,9
efficientphys,B,multi,42,2.5,0.0517,9
efficientphys,B,multi,42,4.0,-0.0433,9
efficientphys,C,multi,42,overall,0.022,9
efficientphys,C,multi,42,1.0,-0.023,9
efficientphys,C,multi,42,1.6,0.0261,9
efficientphys,C,multi,42,2.5,0.0041,9
efficientphys,C,multi,42,4.0,0.0831,9
efficientphys_bigru,A,multi,42,overall,0.0394,9
efficientphys_bigru,A,multi,42,1.0,0.0844,9
efficientphys_bigru,A,multi,42,1.6,-0.0266,9
efficientphys_bigru,A,multi,42,2.5,0.0669,9
efficientphys_bigru,A,multi,42,4.0,0.0511,9
efficientphys_bigru,B,multi,42,overall,0.0285,5
efficientphys_bigru,B,multi,42,1.0,0.071,5
efficientphys_bigru,B,multi,42,1.6,0.0263,5
efficientphys_bigru,B,multi,42,2.5,0.047,5
efficientphys_bigru,B,multi,42,4.0,-0.0331,5
efficientphys_bigru,C,multi,42,overall,0.0842,9
efficientphys_bigru,C,multi,42,1.0,0.0101,9
efficientphys_bigru,C,multi,42,1.6,0.1384,9
efficientphys_bigru,C,multi,42,2.5,0.0776,9
efficientphys_bigru,C,multi,42,4.0,0.0974,9
