model,split,seed,lux,best_val_pearson,epoch
efficientphys,A,42,overall,0.1162,6
efficientphys,A,42,1.0,0.1194,6
efficientphys,A,42,1.6,0.0411,6
efficientphys,A,42,2.5,0.0621,6
efficientphys,A,42,4.0,0.2699,6
efficientphys,B,42,overall,0.0676,9
efficientphys,B,42,1.0,0.0649,9
efficientphys,B,42,1.6,0.0877,9
efficientphys,B,42,2.5,0.1381,9
efficientphys,B,42,4.0,-0.0307,9
efficientphys,C,42,overall,0.0899,9
efficientphys,C,42,1.0,0.0306,9
efficientphys,C,42,1.6,0.1128,9
efficientphys,C,42,2.5,0.1896,9
efficientphys,C,42,4.0,0.0167,9
efficientphys_gru,A,42,overall,0.1097,4
efficientphys_gru,A,42,1.0,0.077,4
efficientphys_gru,A,42,1.6,0.0258,4
efficientphys_gru,A,42,2.5,0.0886,4
efficientphys_gru,A,42,4.0,0.2785,4
efficientphys_gru,B,42,overall,0.1004,8
efficientphys_gru,B,42,1.0,0.1229,8
efficientphys_gru,B,42,1.6,0.1128,8
efficientphys_gru,B,42,2.5,0.1949,8
efficientphys_gru,B,42,4.0,-0.0393,8
efficientphys_gru,C,42,overall,0.1054,9
efficientphys_gru,C,42,1.0,0.0102,9
efficientphys_gru,C,42,1.6,0.1456,9
efficientphys_gru,C,42,2.5,0.1877,9
efficientphys_gru,C,42,4.0,0.0656,9
efficientphys_bigru,A,42,overall,0.1245,3
efficientphys_bigru,A,42,1.0,0.0927,3
efficientphys_bigru,A,42,1.6,0.0434,3
efficientphys_bigru,A,42,2.5,0.091,3
efficientphys_bigru,A,42,4.0,0.3016,3
efficientphys_bigru,B,42,overall,0.1391,10
efficientphys_bigru,B,42,1.0,0.2021,10
efficientphys_bigru,B,42,1.6,0.1854,10
efficientphys_bigru,B,42,2.5,0.2495,10
efficientphys_bigru,B,42,4.0,-0.1059,10
efficientphys_bigru,C,42,overall,0.1435,10
efficientphys_bigru,C,42,1.0,-0.0018,10
efficientphys_bigru,C,42,1.6,0.2028,10
efficientphys_bigru,C,42,2.5,0.2459,10
efficientphys_bigru,C,42,4.0,0.1098,10
efficientphys,B,full,43,overall,0.0501,8
efficientphys,B,full,43,1.0,0.0598,8
efficientphys,B,full,43,1.6,0.0761,8
efficientphys,B,full,43,2.5,0.1701,8
efficientphys,B,full,43,4.0,-0.0975,8
efficientphys,A,full,43,overall,0.1433,3
efficientphys,A,full,43,1.0,0.1006,3
efficientphys,A,full,43,1.6,0.0234,3
efficientphys,A,full,43,2.5,0.1476,3
efficientphys,A,full,43,4.0,0.2651,3
efficientphys_gru,A,full,43,overall,0.1287,6
efficientphys_gru,A,full,43,1.0,0.042,6
efficientphys_gru,A,full,43,1.6,-0.0199,6
efficientphys_gru,A,full,43,2.5,0.1479,6
efficientphys_gru,A,full,43,4.0,0.2964,6
efficientphys,C,full,43,overall,0.0639,7
efficientphys,C,full,43,1.0,0.0109,7
efficientphys,C,full,43,1.6,0.0483,7
efficientphys,C,full,43,2.5,0.1211,7
efficientphys,C,full,43,4.0,0.0664,7
efficientphys_gru,C,full,43,overall,0.0506,3
efficientphys_gru,C,full,43,1.0,0.0028,3
efficientphys_gru,C,full,43,1.6,0.0165,3
efficientphys_gru,C,full,43,2.5,0.1045,3
efficientphys_gru,C,full,43,4.0,0.0649,3
efficientphys_gru,B,full,43,overall,0.08,10
efficientphys_gru,B,full,43,1.0,0.0746,10
efficientphys_gru,B,full,43,1.6,0.0351,10
efficientphys_gru,B,full,43,2.5,0.2591,10
efficientphys_gru,B,full,43,4.0,-0.0615,10
efficientphys_bigru,B,full,43,overall,0.1031,9
efficientphys_bigru,B,full,43,1.0,0.1038,9
efficientphys_bigru,B,full,43,1.6,0.1095,9
efficientphys_bigru,B,full,43,2.5,0.2623,9
efficientphys_bigru,B,full,43,4.0,-0.0614,9
efficientphys_bigru,A,full,43,overall,0.1775,10
efficientphys_bigru,A,full,43,1.0,0.0664,10
efficientphys_bigru,A,full,43,1.6,0.0336,10
efficientphys_bigru,A,full,43,2.5,0.2039,10
efficientphys_bigru,A,full,43,4.0,0.3567,10
efficientphys_bigru,C,full,43,overall,0.0709,9
efficientphys_bigru,C,full,43,1.0,-0.0136,9
efficientphys_bigru,C,full,43,1.6,0.0343,9
efficientphys_bigru,C,full,43,2.5,0.1515,9
efficientphys_bigru,C,full,43,4.0,0.0939,9
efficientphys,A,full,44,overall,0.1531,6
efficientphys,A,full,44,1.0,0.0861,6
efficientphys,A,full,44,1.6,0.0112,6
efficientphys,A,full,44,2.5,0.1738,6
efficientphys,A,full,44,4.0,0.2707,6
efficientphys,B,full,44,overall,0.0219,4
efficientphys,B,full,44,1.0,0.0864,4
efficientphys,B,full,44,1.6,0.0839,4
efficientphys,B,full,44,2.5,0.1163,4
efficientphys,B,full,44,4.0,-0.1231,4
efficientphys,C,full,44,overall,0.0473,10
efficientphys,C,full,44,1.0,-0.0328,10
efficientphys,C,full,44,1.6,0.1141,10
efficientphys,C,full,44,2.5,0.1399,10
efficientphys,C,full,44,4.0,0.0022,10
efficientphys_gru,A,full,44,overall,0.1803,3
efficientphys_gru,A,full,44,1.0,0.1267,3
efficientphys_gru,A,full,44,1.6,-0.005,3
efficientphys_gru,A,full,44,2.5,0.1807,3
efficientphys_gru,A,full,44,4.0,0.3276,3
efficientphys_gru,B,full,44,overall,0.0516,10
efficientphys_gru,B,full,44,1.0,0.1012,10
efficientphys_gru,B,full,44,1.6,0.1253,10
efficientphys_gru,B,full,44,2.5,0.1296,10
efficientphys_gru,B,full,44,4.0,-0.0788,10
efficientphys_gru,C,full,44,overall,0.0679,7
efficientphys_gru,C,full,44,1.0,-0.0504,7
efficientphys_gru,C,full,44,1.6,0.1308,7
efficientphys_gru,C,full,44,2.5,0.1678,7
efficientphys_gru,C,full,44,4.0,0.0473,7
efficientphys_bigru,A,full,44,overall,0.1961,4
efficientphys_bigru,A,full,44,1.0,0.1149,4
efficientphys_bigru,A,full,44,1.6,-0.0109,4
efficientphys_bigru,A,full,44,2.5,0.1929,4
efficientphys_bigru,A,full,44,4.0,0.378,4
efficientphys_bigru,B,full,44,overall,0.053,7
efficientphys_bigru,B,full,44,1.0,0.1448,7
efficientphys_bigru,B,full,44,1.6,0.1434,7
efficientphys_bigru,B,full,44,2.5,0.1256,7
efficientphys_bigru,B,full,44,4.0,-0.1135,7
efficientphys_bigru,C,full,44,overall,0.0845,10
efficientphys_bigru,C,full,44,1.0,-0.0801,10
efficientphys_bigru,C,full,44,1.6,0.1351,10
efficientphys_bigru,C,full,44,2.5,0.2071,10
efficientphys_bigru,C,full,44,4.0,0.0886,10
efficientphys,A,full,45,overall,0.1704,5
efficientphys,A,full,45,1.0,0.077,5
efficientphys,A,full,45,1.6,0.0259,5
efficientphys,A,full,45,2.5,0.1998,5
efficientphys,A,full,45,4.0,0.3273,5
efficientphys,B,full,45,overall,0.0709,8
efficientphys,B,full,45,1.0,0.0467,8
efficientphys,B,full,45,1.6,0.1506,8
efficientphys,B,full,45,2.5,0.1997,8
efficientphys,B,full,45,4.0,-0.0856,8
efficientphys,C,full,45,overall,0.0673,9
efficientphys,C,full,45,1.0,0.0509,9
efficientphys,C,full,45,1.6,0.0791,9
efficientphys,C,full,45,2.5,0.1987,9
efficientphys,C,full,45,4.0,-0.0479,9
efficientphys_gru,A,full,45,overall,0.1395,3
efficientphys_gru,A,full,45,1.0,0.0289,3
efficientphys_gru,A,full,45,1.6,-0.034,3
efficientphys_gru,A,full,45,2.5,0.161,3
efficientphys_gru,A,full,45,4.0,0.3394,3
efficientphys_gru,B,full,45,overall,0.1221,8
efficientphys_gru,B,full,45,1.0,0.1316,8
efficientphys_gru,B,full,45,1.6,0.1769,8
efficientphys_gru,B,full,45,2.5,0.2214,8
efficientphys_gru,B,full,45,4.0,-0.0169,8
efficientphys_gru,C,full,45,overall,0.0871,8
efficientphys_gru,C,full,45,1.0,0.0307,8
efficientphys_gru,C,full,45,1.6,0.1014,8
efficientphys_gru,C,full,45,2.5,0.2215,8
efficientphys_gru,C,full,45,4.0,0.0004,8
efficientphys_bigru,A,full,45,overall,0.1823,5
efficientphys_bigru,A,full,45,1.0,0.0764,5
efficientphys_bigru,A,full,45,1.6,-0.0006,5
efficientphys_bigru,A,full,45,2.5,0.2014,5
efficientphys_bigru,A,full,45,4.0,0.3874,5
efficientphys_bigru,B,full,45,overall,0.1208,10
efficientphys_bigru,B,full,45,1.0,0.1381,10
efficientphys_bigru,B,full,45,1.6,0.1339,10
efficientphys_bigru,B,full,45,2.5,0.2744,10
efficientphys_bigru,B,full,45,4.0,-0.0433,10
efficientphys_bigru,C,full,45,overall,0.124,9
efficientphys_bigru,C,full,45,1.0,0.0178,9
efficientphys_bigru,C,full,45,1.6,0.1794,9
efficientphys_bigru,C,full,45,2.5,0.273,9
efficientphys_bigru,C,full,45,4.0,0.0348,9
efficientphys,A,full,46,overall,0.0917,4
efficientphys,A,full,46,1.0,0.0946,4
efficientphys,A,full,46,1.6,0.0247,4
efficientphys,A,full,46,2.5,0.0958,4
efficientphys,A,full,46,4.0,0.1775,4
efficientphys,B,full,46,overall,0.1048,5
efficientphys,B,full,46,1.0,0.0837,5
efficientphys,B,full,46,1.6,0.116,5
efficientphys,B,full,46,2.5,0.2396,5
efficientphys,B,full,46,4.0,-0.0233,5
efficientphys,C,full,46,overall,0.0783,10
efficientphys,C,full,46,1.0,0.0364,10
efficientphys,C,full,46,1.6,0.0964,10
efficientphys,C,full,46,2.5,0.1818,10
efficientphys,C,full,46,4.0,-0.0061,10
efficientphys_gru,A,full,46,overall,0.1322,3
efficientphys_gru,A,full,46,1.0,0.1035,3
efficientphys_gru,A,full,46,1.6,0.0469,3
efficientphys_gru,A,full,46,2.5,0.1611,3
efficientphys_gru,A,full,46,4.0,0.252,3
efficientphys_gru,B,full,46,overall,0.1347,10
efficientphys_gru,B,full,46,1.0,0.1587,10
efficientphys_gru,B,full,46,1.6,0.1438,10
efficientphys_gru,B,full,46,2.5,0.1958,10
efficientphys_gru,B,full,46,4.0,0.0357,10
efficientphys_gru,C,full,46,overall,0.1089,10
efficientphys_gru,C,full,46,1.0,0.0177,10
efficientphys_gru,C,full,46,1.6,0.1114,10
efficientphys_gru,C,full,46,2.5,0.232,10
efficientphys_gru,C,full,46,4.0,0.0788,10
efficientphys_bigru,A,full,46,overall,0.098,3
efficientphys_bigru,A,full,46,1.0,0.0803,3
efficientphys_bigru,A,full,46,1.6,0.0352,3
efficientphys_bigru,A,full,46,2.5,0.0936,3
efficientphys_bigru,A,full,46,4.0,0.2083,3
efficientphys_bigru,B,full,46,overall,0.1313,9
efficientphys_bigru,B,full,46,1.0,0.1529,9
efficientphys_bigru,B,full,46,1.6,0.1192,9
efficientphys_bigru,B,full,46,2.5,0.2249,9
efficientphys_bigru,B,full,46,4.0,0.0315,9
efficientphys_bigru,C,full,46,overall,0.1263,10
efficientphys_bigru,C,full,46,1.0,0.0238,10
efficientphys_bigru,C,full,46,1.6,0.112,10
efficientphys_bigru,C,full,46,2.5,0.2661,10
efficientphys_bigru,C,full,46,4.0,0.1147,10
efficientphys,C,full,47,overall,0.054,6
efficientphys,C,full,47,1.0,-0.021,6
efficientphys,C,full,47,1.6,0.0891,6
efficientphys,C,full,47,2.5,0.1061,6
efficientphys,C,full,47,4.0,0.0048,6
efficientphys_gru,A,full,47,overall,0.1808,4
efficientphys_gru,A,full,47,1.0,0.2122,4
efficientphys_gru,A,full,47,1.6,0.0436,4
efficientphys_gru,A,full,47,2.5,0.2059,4
efficientphys_gru,A,full,47,4.0,0.3237,4
efficientphys_bigru,A,full,47,overall,0.1769,6
efficientphys_bigru,A,full,47,1.0,0.159,6
efficientphys_bigru,A,full,47,1.6,0.039,6
efficientphys_bigru,A,full,47,2.5,0.208,6
efficientphys_bigru,A,full,47,4.0,0.3546,6
efficientphys_bigru,B,full,47,overall,0.0969,7
efficientphys_bigru,B,full,47,1.0,0.1119,7
efficientphys_bigru,B,full,47,1.6,0.0702,7
efficientphys_bigru,B,full,47,2.5,0.2651,7
efficientphys_bigru,B,full,47,4.0,-0.073,7
efficientphys,C,full,48,overall,0.0668,9
efficientphys,C,full,48,1.0,0.03,9
efficientphys,C,full,48,1.6,0.1493,9
efficientphys,C,full,48,2.5,0.1672,9
efficientphys,C,full,48,4.0,-0.0588,9
efficientphys_bigru,A,full,48,overall,0.12,3
efficientphys_bigru,A,full,48,1.0,0.1264,3
efficientphys_bigru,A,full,48,1.6,0.091,3
efficientphys_bigru,A,full,48,2.5,0.0822,3
efficientphys_bigru,A,full,48,4.0,0.1737,3
efficientphys,B,full,49,overall,0.0864,7
efficientphys,B,full,49,1.0,0.0721,7
efficientphys,B,full,49,1.6,0.1596,7
efficientphys,B,full,49,2.5,0.2678,7
efficientphys,B,full,49,4.0,-0.1112,7
